Current_Stock,Average_Sales,Days_Since_Last_Restock,Product_Category,Sales_Trend,Lead_Time,Supplier_Rating,Seasonality_Index,Discount_Offered,Storage_Cost_Per_Unit,Product_Age,Promotion_Active,Restock_Needed
180,123,27,Confectionery,Increasing,6,3.8,1.3,1,0.2,152,1,1
324,153,1,Confectionery,Increasing,29,4.1,1.2,1,0.6,152,0,0
327,188,9,Beverages,Stable,17,2.5,1.1,0,0.16,83,0,0
347,136,27,Beverages,Increasing,13,4.4,1.2,1,0.43,12,0,1
494,78,29,Beverages,Increasing,13,3.4,1.3,1,0.55,235,0,1
461,143,28,Snacks,Increasing,18,2.4,1.2,0,0.45,334,1,1
171,196,1,Confectionery,Increasing,1,2.7,2.0,0,0.7,128,0,1
228,16,21,Confectionery,Stable,1,2.9,1.1,0,0.95,144,0,1
237,171,20,Snacks,Increasing,27,1.0,1.1,0,0.71,131,1,1
143,77,1,Snacks,Stable,25,1.1,1.5,1,0.97,226,0,0
193,125,21,Snacks,Increasing,14,3.0,1.7,1,0.62,176,1,1
467,168,2,Beverages,Increasing,19,4.8,1.1,0,0.1,260,0,0
317,10,8,Snacks,Decreasing,20,1.8,1.2,1,0.61,332,1,0
141,129,9,Beverages,Decreasing,4,4.2,1.3,0,0.59,78,1,0
336,132,3,Beverages,Increasing,4,1.1,1.1,1,0.38,299,0,0
212,23,18,Snacks,Stable,24,3.2,1.4,0,0.94,337,0,1
344,36,13,Snacks,Decreasing,8,4.3,1.9,0,0.17,74,0,0
217,100,26,Confectionery,Stable,15,3.4,1.2,0,0.64,84,1,1
338,170,2,Snacks,Decreasing,8,2.5,1.3,1,0.42,262,1,0
22,108,17,Confectionery,Increasing,22,3.7,1.3,1,0.32,297,1,1
111,19,8,Snacks,Stable,17,2.0,1.8,1,0.4,75,0,0
222,39,10,Snacks,Decreasing,15,2.6,1.7,0,0.6,143,0,0
189,117,25,Beverages,Increasing,27,4.0,1.9,0,0.76,95,1,1
363,28,5,Snacks,Increasing,22,3.0,1.3,1,0.54,184,0,0
338,86,4,Beverages,Decreasing,3,2.1,1.2,0,0.93,273,1,0
420,40,19,Beverages,Decreasing,24,4.1,2.0,1,0.67,324,0,1
494,184,16,Confectionery,Decreasing,9,5.0,1.6,0,0.7,61,0,1
346,109,20,Snacks,Decreasing,16,1.9,1.9,1,0.14,109,0,1
302,82,6,Beverages,Decreasing,3,3.2,1.5,0,0.37,80,0,0
324,88,4,Beverages,Decreasing,1,3.0,1.6,1,0.37,205,1,0
63,26,28,Snacks,Increasing,18,4.7,1.2,1,0.32,333,1,1
122,88,2,Beverages,Stable,9,2.0,1.8,0,0.49,45,0,0
146,174,19,Confectionery,Stable,28,4.0,1.9,1,0.33,362,1,1
365,120,10,Beverages,Stable,25,2.5,1.5,1,0.43,283,0,0
36,66,29,Confectionery,Stable,22,4.3,1.7,0,0.2,203,0,1
464,106,13,Beverages,Stable,21,4.2,1.7,1,0.52,59,0,0
297,143,27,Confectionery,Stable,25,1.6,1.0,1,0.81,351,0,1
429,149,8,Beverages,Increasing,29,2.4,1.2,0,0.91,15,0,0
437,97,12,Confectionery,Increasing,25,3.0,1.2,1,0.56,286,1,0
214,12,6,Beverages,Decreasing,8,4.7,1.7,1,0.23,64,0,0
372,96,20,Beverages,Increasing,16,3.7,2.0,0,0.74,99,0,1
123,196,16,Snacks,Decreasing,28,2.8,1.5,1,0.21,75,1,1
324,165,25,Snacks,Stable,20,2.6,1.9,0,0.45,214,0,1
359,29,11,Snacks,Increasing,27,1.7,1.1,1,0.51,116,0,0
56,147,18,Snacks,Decreasing,4,1.1,1.4,1,0.49,201,1,1
2,165,18,Snacks,Increasing,2,2.4,1.7,0,0.86,230,1,1
90,23,21,Confectionery,Increasing,4,2.3,1.4,0,0.43,91,1,1
100,65,1,Beverages,Decreasing,13,1.3,1.1,1,0.13,29,1,0
138,111,22,Snacks,Increasing,16,1.9,1.6,1,0.76,119,1,1
376,149,2,Snacks,Decreasing,27,4.3,1.4,1,0.33,157,1,0
189,124,26,Confectionery,Increasing,26,3.7,1.2,0,0.2,312,0,1
230,189,11,Beverages,Decreasing,9,4.1,1.2,1,0.14,194,0,0
197,187,8,Confectionery,Increasing,5,1.6,1.8,0,0.2,63,1,0
411,67,11,Beverages,Decreasing,25,1.2,1.3,0,0.31,114,0,0
451,173,12,Beverages,Decreasing,15,4.2,1.4,1,0.73,205,1,0
190,167,10,Snacks,Increasing,9,4.5,1.2,1,0.48,47,1,0
43,98,21,Confectionery,Decreasing,2,1.8,1.1,0,0.92,107,0,1
42,145,23,Confectionery,Decreasing,13,3.0,1.3,1,0.14,14,0,1
454,184,29,Confectionery,Increasing,6,1.6,1.7,0,0.92,275,0,1
278,67,28,Beverages,Increasing,29,2.1,1.9,1,0.31,119,0,1
391,161,16,Confectionery,Decreasing,4,2.5,2.0,1,0.73,80,0,1
412,127,11,Confectionery,Decreasing,17,5.0,1.6,1,0.94,109,1,0
25,76,22,Confectionery,Stable,5,4.9,1.0,1,0.24,22,1,1
446,164,20,Snacks,Stable,25,5.0,1.6,0,0.6,275,1,1
103,23,2,Confectionery,Decreasing,11,4.3,2.0,0,0.96,24,0,0
123,46,26,Confectionery,Stable,22,4.5,1.7,0,0.35,190,0,1
176,134,13,Beverages,Decreasing,16,1.5,1.2,0,0.58,318,0,0
67,91,2,Snacks,Stable,24,2.3,1.5,1,0.33,305,0,1
390,33,8,Confectionery,Increasing,8,2.9,1.2,0,0.58,334,0,0
133,186,10,Confectionery,Decreasing,3,1.4,1.5,0,0.76,225,1,1
99,188,28,Confectionery,Increasing,2,1.2,1.4,0,0.78,208,1,1
306,140,18,Snacks,Decreasing,9,1.8,1.3,0,0.53,140,0,1
460,64,28,Snacks,Increasing,14,1.7,2.0,1,0.39,77,1,1
455,82,22,Beverages,Increasing,7,4.3,1.0,0,0.8,224,1,1
13,186,25,Confectionery,Stable,11,2.7,1.0,1,0.51,52,0,1
289,193,4,Snacks,Stable,12,4.6,1.3,1,0.32,168,0,0
273,188,11,Snacks,Increasing,28,4.1,1.8,1,0.64,289,0,0
144,189,9,Snacks,Decreasing,22,2.5,2.0,1,0.81,287,0,1
211,175,26,Beverages,Stable,6,1.0,1.7,1,0.45,117,0,1
272,31,19,Snacks,Decreasing,13,2.6,2.0,1,0.53,286,0,1
26,42,26,Snacks,Stable,28,2.1,1.3,1,0.68,224,1,1
325,48,15,Beverages,Stable,29,1.3,1.8,1,0.54,181,1,1
455,135,4,Beverages,Stable,28,3.8,1.2,1,0.52,144,0,0
121,105,20,Beverages,Stable,28,2.3,1.4,1,0.75,129,0,1
249,136,5,Confectionery,Decreasing,9,4.0,1.0,0,0.53,126,1,0
125,22,23,Snacks,Stable,12,1.5,1.1,0,0.82,257,0,1
89,87,13,Beverages,Increasing,15,3.3,1.1,1,0.31,170,0,0
398,101,20,Beverages,Increasing,27,3.3,1.5,0,0.49,190,1,1
92,46,13,Snacks,Stable,26,1.6,1.8,0,0.66,287,1,0
49,125,10,Confectionery,Increasing,2,3.2,1.4,0,0.37,328,1,1
3,68,26,Snacks,Decreasing,11,4.0,1.9,1,0.63,67,1,1
338,195,18,Beverages,Decreasing,9,4.9,1.3,0,0.24,333,0,1
256,175,12,Snacks,Stable,13,4.5,1.5,0,0.67,232,0,0
232,176,25,Beverages,Increasing,10,2.5,1.2,1,0.53,85,1,1
175,98,27,Beverages,Stable,8,3.9,1.0,1,0.25,309,0,1
369,89,5,Confectionery,Decreasing,7,3.8,1.1,1,0.41,237,0,0
210,54,22,Beverages,Increasing,1,2.7,2.0,1,0.94,106,1,1
251,145,11,Confectionery,Decreasing,22,3.7,1.5,1,0.14,49,0,0
276,181,29,Snacks,Stable,22,4.6,1.8,1,0.57,135,1,1
485,171,27,Confectionery,Stable,29,2.3,1.5,0,0.3,71,1,1
56,142,26,Snacks,Decreasing,17,2.2,1.4,0,0.98,217,0,1
69,43,28,Beverages,Increasing,20,1.6,1.3,0,0.39,135,0,1
27,43,13,Beverages,Stable,10,2.6,1.5,1,0.43,186,0,1
105,61,2,Snacks,Stable,18,4.4,1.3,1,0.32,140,0,0
423,20,19,Beverages,Increasing,12,3.4,1.1,0,0.34,65,1,1
368,147,23,Confectionery,Decreasing,27,4.5,1.1,0,0.1,309,0,1
421,55,26,Beverages,Decreasing,14,1.3,1.1,0,0.85,38,0,1
60,159,17,Beverages,Increasing,17,3.3,1.6,0,0.58,260,1,1
303,81,2,Beverages,Stable,15,4.7,1.5,0,0.85,74,1,0
264,185,9,Snacks,Decreasing,11,4.7,1.8,0,0.45,239,1,0
456,26,27,Snacks,Stable,3,5.0,1.6,1,0.46,271,0,1
85,116,18,Beverages,Stable,15,4.9,1.5,1,0.43,245,1,1
444,74,19,Snacks,Stable,11,3.5,1.6,1,0.7,201,0,1
151,111,22,Confectionery,Increasing,15,3.1,1.2,1,0.41,193,1,1
406,185,5,Snacks,Decreasing,12,2.5,1.6,1,0.61,355,0,0
201,19,14,Beverages,Decreasing,13,4.4,1.6,0,0.17,167,0,0
88,191,29,Confectionery,Increasing,18,3.7,1.3,1,0.68,303,0,1
305,29,11,Snacks,Increasing,27,4.1,1.3,1,0.9,121,1,0
383,71,1,Beverages,Increasing,8,1.2,1.9,0,0.74,335,1,0
72,141,29,Beverages,Decreasing,20,3.3,1.7,1,0.43,212,1,1
288,98,14,Beverages,Decreasing,29,1.3,1.9,1,0.13,55,0,0
384,109,13,Snacks,Stable,28,4.2,1.7,1,0.98,281,1,0
193,143,25,Confectionery,Decreasing,11,1.7,1.7,0,0.67,153,1,1
495,109,13,Snacks,Increasing,1,3.9,1.4,0,0.83,262,0,0
223,139,29,Beverages,Stable,5,2.5,1.7,0,0.44,62,0,1
86,138,27,Confectionery,Stable,4,1.6,2.0,0,0.42,78,1,1
331,45,23,Snacks,Decreasing,15,3.6,1.9,1,0.63,73,0,1
455,129,16,Beverages,Decreasing,11,3.5,1.4,0,0.97,139,0,1
380,52,7,Confectionery,Stable,8,2.0,1.8,0,0.61,319,1,0
396,43,1,Snacks,Increasing,21,1.4,1.8,0,0.21,33,0,0
470,156,1,Snacks,Increasing,25,1.6,1.3,0,0.58,75,0,0
445,177,6,Confectionery,Decreasing,5,1.8,1.4,0,0.91,206,1,0
494,144,11,Confectionery,Increasing,15,1.1,1.5,0,0.15,54,1,0
369,83,2,Snacks,Decreasing,6,1.8,1.2,1,0.92,99,1,0
169,156,12,Snacks,Stable,24,1.5,1.0,1,0.74,124,1,0
100,92,12,Beverages,Increasing,24,1.0,1.9,1,0.4,202,0,0
114,184,14,Confectionery,Stable,9,4.0,1.1,1,0.32,131,0,1
293,121,20,Confectionery,Decreasing,24,3.3,1.9,1,0.26,62,1,1
258,159,20,Beverages,Increasing,17,2.1,1.7,0,0.59,131,1,1
212,20,2,Snacks,Increasing,4,2.2,1.2,1,0.48,187,1,0
253,130,26,Beverages,Decreasing,14,1.5,1.4,0,0.49,185,0,1
214,111,13,Confectionery,Increasing,2,5.0,1.9,1,0.2,23,0,0
130,105,2,Confectionery,Decreasing,21,3.4,1.1,0,0.44,327,1,0
288,181,27,Beverages,Increasing,13,2.6,1.4,0,0.35,278,1,1
274,97,2,Snacks,Stable,5,3.8,1.9,0,0.96,341,0,0
16,42,11,Beverages,Increasing,10,2.7,1.5,1,0.96,142,1,1
335,30,25,Confectionery,Stable,1,2.5,1.1,0,0.7,198,0,1
276,121,25,Confectionery,Decreasing,16,4.1,1.9,1,0.83,338,1,1
317,129,25,Beverages,Increasing,21,3.2,1.1,0,0.41,242,0,1
362,56,6,Snacks,Decreasing,13,3.0,1.1,0,0.76,214,0,0
390,91,12,Confectionery,Decreasing,2,3.1,2.0,0,0.99,268,1,0
171,47,28,Snacks,Stable,1,2.9,1.0,1,0.19,8,0,1
243,22,13,Confectionery,Increasing,5,1.7,1.9,0,0.71,169,1,0
295,149,26,Confectionery,Decreasing,28,4.8,1.1,1,0.14,1,1,1
338,54,28,Beverages,Decreasing,4,1.3,1.3,1,0.63,74,0,1
111,67,4,Snacks,Stable,24,4.3,1.8,0,0.12,107,1,0
435,37,8,Confectionery,Stable,5,2.1,1.1,1,0.26,140,0,0
98,167,13,Beverages,Increasing,20,1.3,1.1,0,0.68,84,0,1
87,100,7,Snacks,Stable,26,3.8,1.6,0,0.4,218,1,1
246,189,21,Confectionery,Increasing,12,2.7,2.0,0,0.52,64,1,1
53,174,27,Confectionery,Decreasing,24,3.1,1.8,1,0.5,15,1,1
194,95,26,Beverages,Stable,24,2.0,1.9,0,0.27,196,1,1
43,61,4,Snacks,Decreasing,15,5.0,1.4,0,0.34,181,1,1
418,81,7,Beverages,Increasing,7,2.7,1.7,1,0.33,52,1,0
140,46,5,Confectionery,Stable,23,4.8,1.3,1,0.17,307,0,0
282,77,1,Snacks,Decreasing,4,1.3,1.9,1,0.93,10,1,0
377,156,8,Snacks,Decreasing,10,3.6,1.9,1,0.28,153,0,0
107,176,12,Confectionery,Increasing,5,2.6,1.7,1,0.94,194,0,1
208,176,16,Beverages,Increasing,26,1.6,2.0,0,0.43,140,1,1
329,127,7,Beverages,Stable,4,2.1,1.0,1,0.46,254,1,0
126,52,27,Snacks,Increasing,22,3.4,1.9,0,0.14,182,1,1
85,70,13,Beverages,Stable,27,3.9,1.3,1,0.13,248,1,0
53,94,16,Confectionery,Increasing,11,4.0,1.7,0,0.39,252,1,1
146,33,25,Beverages,Decreasing,29,3.7,1.4,0,0.19,26,1,1
495,152,7,Beverages,Decreasing,23,4.4,1.5,0,0.22,126,1,0
277,68,20,Snacks,Stable,19,2.0,1.0,1,0.69,281,0,1
160,101,25,Confectionery,Increasing,28,2.3,1.0,1,0.63,174,0,1
85,59,6,Snacks,Stable,2,1.9,1.5,0,0.8,81,1,0
415,121,3,Snacks,Stable,4,1.3,1.8,0,0.86,150,1,0
468,171,21,Confectionery,Increasing,10,3.8,1.2,1,0.32,202,0,1
170,131,11,Snacks,Decreasing,20,3.0,1.0,0,0.64,173,1,0
354,184,8,Beverages,Decreasing,15,4.9,1.9,1,0.7,168,1,0
284,148,7,Snacks,Decreasing,16,1.0,1.5,1,0.97,147,0,0
380,48,18,Snacks,Decreasing,29,3.4,1.1,0,0.56,143,0,1
187,30,27,Confectionery,Decreasing,29,2.4,1.2,0,0.77,96,0,1
204,136,5,Snacks,Stable,13,1.8,1.7,1,0.71,284,1,0
446,132,21,Beverages,Increasing,19,1.7,1.3,1,0.97,255,0,1
410,186,22,Beverages,Stable,13,2.4,1.1,1,0.11,125,1,1
361,74,2,Snacks,Decreasing,16,1.9,1.8,0,0.58,152,0,0
434,77,18,Snacks,Increasing,14,3.7,1.4,1,0.4,306,1,1
129,182,8,Beverages,Stable,8,2.3,1.4,1,0.27,119,0,1
193,177,18,Confectionery,Increasing,12,4.5,1.8,0,0.73,268,1,1
315,129,21,Snacks,Decreasing,13,2.5,2.0,1,0.33,159,1,1
444,60,18,Snacks,Increasing,3,1.1,1.8,0,0.23,277,1,1
427,189,28,Snacks,Increasing,26,1.7,1.3,1,0.31,349,0,1
436,64,27,Confectionery,Stable,5,3.6,1.8,0,0.37,52,1,1
215,195,19,Beverages,Decreasing,11,1.4,1.1,0,0.76,267,1,1
339,152,13,Beverages,Decreasing,9,1.7,1.0,0,0.84,328,1,0
434,101,29,Snacks,Stable,21,2.3,1.9,1,0.17,346,0,1
378,19,26,Beverages,Increasing,19,2.6,1.5,1,0.56,255,1,1
451,11,6,Beverages,Increasing,15,1.6,1.8,1,0.67,224,1,0
287,20,26,Beverages,Increasing,28,1.4,1.4,0,0.5,310,1,1
153,70,17,Confectionery,Increasing,1,1.5,1.5,1,0.85,72,1,1
214,55,2,Snacks,Increasing,9,1.8,2.0,1,0.38,141,0,0
33,189,21,Snacks,Stable,13,2.0,1.9,1,0.46,7,0,1
184,159,17,Snacks,Stable,4,4.7,1.3,0,0.11,71,1,1
36,165,21,Confectionery,Increasing,25,4.7,1.8,0,0.42,25,1,1
404,120,20,Confectionery,Decreasing,8,1.7,1.9,1,0.11,71,0,1
347,154,19,Snacks,Stable,17,3.9,1.4,0,0.16,321,0,1
314,30,27,Beverages,Stable,28,2.4,1.5,1,0.24,96,1,1
254,106,1,Beverages,Decreasing,29,4.0,1.7,0,0.51,276,0,0
425,10,18,Beverages,Stable,29,2.9,1.1,0,0.14,165,1,1
492,162,4,Snacks,Decreasing,24,1.3,1.5,1,0.54,76,1,0
116,107,3,Snacks,Decreasing,10,1.6,1.3,0,0.52,147,1,0
313,176,8,Beverages,Increasing,14,4.4,1.2,0,0.46,46,1,0
348,43,13,Confectionery,Stable,27,1.4,1.2,1,0.39,238,1,0
288,136,10,Confectionery,Stable,19,3.4,1.9,0,0.62,102,1,0
446,147,22,Snacks,Stable,27,2.7,1.0,0,0.3,89,1,1
363,191,25,Snacks,Decreasing,27,2.8,1.9,1,0.92,283,1,1
107,176,29,Snacks,Decreasing,28,3.0,1.3,1,0.47,219,0,1
38,156,16,Snacks,Decreasing,14,4.8,1.4,1,0.15,49,1,1
305,86,24,Snacks,Increasing,23,2.0,1.2,0,0.32,263,0,1
122,13,9,Confectionery,Decreasing,27,1.7,1.9,1,0.93,257,0,0
434,45,5,Confectionery,Increasing,15,4.2,1.5,0,0.2,98,0,0
473,164,9,Beverages,Decreasing,29,4.8,1.1,0,0.55,363,1,0
50,107,26,Beverages,Decreasing,6,2.5,1.1,0,0.54,178,0,1
427,124,4,Snacks,Increasing,12,2.3,1.5,1,0.53,175,0,0
391,131,9,Confectionery,Stable,7,3.4,1.0,0,0.7,40,1,0
378,137,3,Beverages,Stable,10,1.0,1.1,0,0.99,359,0,0
268,45,29,Confectionery,Increasing,7,4.1,1.9,1,0.73,127,1,1
427,186,13,Confectionery,Stable,13,3.6,1.5,1,0.79,49,0,0
380,169,7,Confectionery,Decreasing,13,1.3,1.0,0,0.47,46,1,0
139,65,27,Beverages,Increasing,6,1.9,1.1,0,0.59,26,1,1
63,102,2,Snacks,Stable,13,4.0,1.1,0,0.64,222,1,1
119,27,28,Confectionery,Stable,13,2.4,1.9,0,0.74,35,0,1
431,135,9,Beverages,Increasing,24,2.4,1.8,1,0.2,316,0,0
473,150,3,Snacks,Increasing,26,2.8,1.2,0,0.59,337,0,0
49,62,3,Beverages,Stable,6,3.1,1.2,0,0.83,136,0,1
311,85,7,Beverages,Stable,11,2.2,1.8,1,0.6,36,0,0
115,24,11,Confectionery,Increasing,25,3.4,1.1,0,0.42,279,1,0
357,147,3,Confectionery,Increasing,29,4.3,1.8,0,0.98,358,1,0
114,113,2,Confectionery,Increasing,12,1.4,1.3,1,0.49,98,0,0
368,41,16,Beverages,Decreasing,14,2.7,1.3,1,0.63,217,0,1
334,78,17,Confectionery,Decreasing,6,3.3,1.5,1,0.85,218,1,1
439,97,3,Confectionery,Stable,16,1.6,1.6,0,0.8,129,0,0
373,23,27,Confectionery,Increasing,1,1.8,1.3,1,0.89,12,1,1
19,140,16,Confectionery,Stable,18,3.4,1.0,0,0.22,248,0,1
457,20,21,Snacks,Stable,27,2.5,1.3,1,0.88,245,1,1
350,120,11,Beverages,Decreasing,29,4.3,1.9,0,0.6,313,1,0
198,17,11,Beverages,Increasing,17,1.2,1.2,0,0.13,333,0,0
93,55,16,Confectionery,Decreasing,19,3.8,1.9,0,0.79,68,0,1
433,191,28,Confectionery,Decreasing,2,1.5,1.8,1,0.14,168,0,1
113,188,14,Beverages,Decreasing,6,2.2,1.6,1,0.46,100,0,1
409,80,3,Confectionery,Decreasing,17,1.5,1.9,1,0.89,331,0,0
416,178,6,Snacks,Increasing,13,1.2,1.2,0,0.87,166,1,0
34,153,8,Beverages,Stable,23,4.2,1.7,0,0.52,267,1,1
300,180,16,Beverages,Decreasing,22,1.3,1.2,0,0.9,304,0,1
401,151,4,Snacks,Stable,7,2.8,1.2,0,1.0,222,1,0
228,22,1,Beverages,Increasing,16,2.1,1.0,1,0.17,171,0,0
487,152,3,Snacks,Decreasing,28,3.7,1.3,1,0.5,268,0,0
115,156,12,Confectionery,Stable,28,1.8,1.2,1,0.86,159,1,1
378,64,5,Confectionery,Stable,12,1.6,1.8,1,0.37,181,1,0
381,159,19,Confectionery,Decreasing,6,3.2,1.8,1,0.99,109,1,1
248,143,27,Snacks,Decreasing,4,3.4,1.4,1,0.49,192,0,1
384,184,10,Beverages,Increasing,2,1.3,1.0,0,0.69,241,1,0
170,33,29,Snacks,Increasing,29,1.0,1.2,1,0.95,272,0,1
275,188,7,Snacks,Decreasing,7,4.6,1.8,1,0.33,266,0,0
53,85,7,Snacks,Increasing,16,1.7,1.6,1,0.18,268,0,1
446,30,11,Beverages,Increasing,8,3.1,1.8,0,0.8,182,1,0
354,47,22,Snacks,Increasing,21,3.8,1.7,1,0.67,178,0,1
414,84,1,Snacks,Stable,15,4.5,1.4,0,0.93,323,1,0
357,81,9,Snacks,Decreasing,4,1.3,1.1,0,0.44,311,1,0
431,92,23,Snacks,Increasing,8,3.9,1.7,0,0.51,52,1,1
203,97,19,Snacks,Stable,8,2.3,1.4,1,0.21,95,1,1
255,174,15,Beverages,Decreasing,14,1.2,1.9,1,0.79,102,0,1
355,91,13,Snacks,Stable,7,4.6,1.4,0,0.27,264,0,0
326,130,26,Beverages,Stable,17,5.0,1.8,0,0.82,301,1,1
380,107,29,Beverages,Increasing,14,1.6,1.2,1,0.72,147,1,1
374,80,21,Confectionery,Stable,1,4.9,1.6,0,0.75,264,0,1
132,110,15,Beverages,Decreasing,1,2.8,1.4,1,0.93,306,0,1
285,161,9,Snacks,Increasing,13,1.6,1.2,1,0.47,6,0,0
462,158,20,Beverages,Stable,13,1.9,1.2,0,0.87,110,1,1
420,121,15,Snacks,Decreasing,3,1.3,2.0,1,0.63,257,1,1
386,141,12,Snacks,Stable,13,1.1,1.6,1,0.14,221,1,0
196,109,19,Snacks,Decreasing,15,2.8,1.6,0,0.16,39,1,1
294,119,25,Beverages,Decreasing,23,2.0,1.9,0,0.78,7,0,1
245,142,3,Beverages,Increasing,18,2.1,1.3,0,0.96,253,1,0
383,198,10,Snacks,Stable,6,4.7,1.4,0,0.45,356,0,0
265,156,22,Confectionery,Increasing,12,4.2,2.0,1,0.59,175,1,1
254,174,17,Confectionery,Decreasing,26,3.0,1.1,0,0.45,269,0,1
343,148,23,Snacks,Decreasing,16,3.1,1.8,0,0.51,187,1,1
274,122,4,Beverages,Stable,18,2.3,1.7,0,0.28,1,0,0
383,82,18,Beverages,Decreasing,1,2.4,1.0,0,0.35,221,1,1
262,139,27,Beverages,Stable,4,4.0,1.6,0,0.76,337,0,1
75,30,13,Snacks,Increasing,18,3.8,1.6,1,0.79,335,1,0
306,37,15,Snacks,Increasing,18,3.2,1.0,1,0.75,3,0,1
69,196,2,Beverages,Increasing,17,3.1,1.5,1,0.15,168,0,1
179,127,23,Beverages,Stable,14,2.5,1.8,1,0.8,297,0,1
210,66,12,Confectionery,Increasing,24,1.6,1.5,1,0.21,136,1,0
69,85,14,Beverages,Decreasing,29,4.7,1.4,0,0.31,154,1,1
65,199,3,Snacks,Stable,22,2.5,1.2,0,0.78,59,1,1
99,21,13,Snacks,Decreasing,17,4.0,1.6,1,0.45,312,0,0
250,78,9,Confectionery,Stable,4,1.6,1.8,0,0.77,266,1,0
465,63,25,Beverages,Increasing,28,2.4,1.1,1,0.29,238,0,1
199,45,22,Snacks,Stable,7,4.5,1.3,1,0.13,276,0,1
209,79,15,Snacks,Stable,22,3.7,1.1,0,0.74,264,0,1
11,191,28,Beverages,Decreasing,9,2.2,1.9,0,0.8,360,0,1
381,108,8,Snacks,Decreasing,21,1.3,1.3,0,0.86,5,1,0
67,192,21,Confectionery,Decreasing,18,2.3,2.0,1,0.79,256,1,1
170,27,10,Beverages,Decreasing,9,4.9,1.1,0,0.15,24,1,0
310,95,1,Confectionery,Stable,28,3.8,1.5,1,0.62,241,1,0
354,98,7,Confectionery,Stable,9,3.9,1.9,1,0.75,160,0,0
107,114,20,Snacks,Stable,6,4.5,1.6,0,0.47,159,1,1
488,176,3,Confectionery,Decreasing,28,1.7,1.1,0,0.94,175,1,0
109,125,23,Confectionery,Stable,12,2.5,1.8,0,0.87,290,0,1
44,149,29,Confectionery,Decreasing,18,2.9,1.9,0,0.5,106,1,1
498,19,9,Confectionery,Increasing,15,1.6,1.5,1,0.82,47,0,0
99,51,19,Beverages,Decreasing,10,1.7,1.3,0,0.6,22,1,1
378,125,17,Snacks,Decreasing,13,4.4,1.6,0,1.0,339,0,1
411,88,10,Snacks,Decreasing,13,2.4,1.6,0,0.34,203,1,0
66,62,22,Beverages,Stable,7,4.7,1.2,1,0.63,229,1,1
423,145,13,Snacks,Stable,11,2.1,1.8,0,0.38,287,1,0
386,91,18,Snacks,Stable,21,2.3,1.3,1,0.48,24,1,1
113,162,24,Beverages,Stable,19,2.5,1.5,1,0.46,46,1,1
378,161,28,Snacks,Increasing,15,2.1,1.0,1,0.91,134,0,1
288,182,7,Confectionery,Stable,11,4.2,1.3,0,0.7,103,0,0
161,183,11,Beverages,Stable,27,3.3,1.4,1,0.34,198,1,1
324,85,8,Confectionery,Stable,15,4.4,1.8,0,0.2,140,0,0
435,50,20,Snacks,Decreasing,3,2.1,1.2,1,0.96,54,0,1
107,135,4,Snacks,Decreasing,20,4.6,1.7,0,0.39,148,0,1
161,119,6,Snacks,Increasing,1,3.2,1.2,1,0.13,139,0,0
191,33,25,Snacks,Decreasing,13,3.8,1.5,0,0.5,242,1,1
474,35,1,Confectionery,Increasing,6,4.1,1.2,0,0.5,177,0,0
387,179,13,Confectionery,Stable,21,1.8,1.8,1,0.12,305,0,0
48,180,27,Beverages,Increasing,2,3.3,1.8,0,0.74,224,1,1
396,34,5,Beverages,Stable,28,1.8,1.3,0,0.74,93,1,0
437,70,20,Snacks,Increasing,15,2.7,1.0,1,0.14,23,0,1
113,180,8,Confectionery,Stable,26,2.5,1.2,0,0.22,214,0,1
428,170,10,Confectionery,Increasing,6,1.0,1.2,0,0.23,84,1,0
131,124,7,Snacks,Increasing,4,4.8,1.8,1,0.72,116,0,0
387,137,8,Beverages,Stable,23,3.2,1.4,1,0.58,220,0,0
344,88,3,Confectionery,Increasing,19,4.5,1.6,1,0.44,212,1,0
178,12,18,Snacks,Increasing,16,2.1,1.2,1,0.15,326,0,1
333,144,17,Confectionery,Decreasing,25,2.0,1.4,1,0.6,206,1,1
265,133,7,Beverages,Stable,18,1.4,1.8,1,0.28,67,1,0
226,166,22,Beverages,Stable,1,1.5,1.1,1,0.97,326,0,1
467,113,10,Beverages,Decreasing,14,4.7,1.6,0,0.8,249,1,0
336,118,28,Confectionery,Stable,8,1.8,1.2,1,0.74,285,1,1
77,97,25,Beverages,Increasing,13,2.0,1.1,1,0.79,82,0,1
414,176,10,Snacks,Stable,5,2.9,2.0,0,0.7,16,1,0
489,28,6,Snacks,Increasing,23,4.3,1.3,0,0.92,230,0,0
193,178,8,Beverages,Decreasing,7,3.0,1.4,0,0.29,230,0,0
375,19,5,Snacks,Increasing,23,1.4,1.4,0,0.35,5,0,0
469,174,22,Snacks,Stable,28,1.6,1.4,1,0.74,286,0,1
441,123,21,Confectionery,Increasing,19,2.5,1.6,1,0.19,301,1,1
331,53,23,Beverages,Decreasing,24,3.2,1.7,1,1.0,123,0,1
232,101,26,Confectionery,Decreasing,28,2.6,1.9,1,0.18,188,1,1
418,146,4,Beverages,Increasing,21,1.2,1.3,1,0.98,226,1,0
140,105,22,Confectionery,Stable,7,1.5,1.5,1,0.67,130,0,1
112,136,26,Snacks,Decreasing,13,2.2,1.6,1,0.5,221,0,1
400,98,4,Snacks,Stable,10,2.4,1.3,1,0.96,269,1,0
281,125,16,Beverages,Decreasing,21,3.1,1.1,1,0.8,336,0,1
183,40,20,Confectionery,Increasing,1,1.8,2.0,0,0.49,157,1,1
175,188,24,Snacks,Stable,15,1.8,1.5,1,0.63,75,1,1
233,198,2,Confectionery,Stable,25,3.4,1.7,1,0.97,61,0,0
158,133,9,Beverages,Stable,3,3.9,1.5,0,0.78,303,1,0
340,15,7,Beverages,Decreasing,7,1.2,1.4,0,0.84,244,1,0
240,135,11,Confectionery,Decreasing,25,3.2,1.7,0,0.48,208,1,0
306,85,19,Snacks,Decreasing,9,3.3,1.2,0,0.33,320,0,1
317,47,26,Snacks,Decreasing,13,4.0,1.5,0,0.33,360,0,1
326,69,28,Beverages,Stable,2,3.0,1.1,0,0.75,119,0,1
36,198,7,Snacks,Increasing,10,4.1,1.0,0,0.75,2,1,1
63,27,2,Snacks,Decreasing,22,1.7,1.8,0,0.3,224,1,0
188,26,28,Confectionery,Stable,7,4.3,1.7,0,0.68,257,0,1
325,164,9,Snacks,Stable,26,3.9,1.5,0,0.24,179,0,0
350,82,17,Snacks,Increasing,10,1.6,2.0,1,0.45,202,1,1
33,80,10,Beverages,Increasing,14,2.0,1.7,0,0.78,138,0,1
8,109,7,Confectionery,Decreasing,18,3.3,1.5,0,0.48,138,1,1
381,151,23,Beverages,Stable,21,3.9,2.0,0,0.43,307,0,1
3,97,2,Confectionery,Decreasing,20,2.0,1.4,1,0.94,224,1,1
324,93,23,Snacks,Decreasing,19,2.0,1.4,0,0.23,48,0,1
339,49,21,Snacks,Stable,22,4.4,1.0,1,0.39,245,1,1
468,58,8,Confectionery,Increasing,2,1.7,1.1,0,0.28,134,0,0
414,191,26,Confectionery,Increasing,20,2.9,1.3,0,0.47,187,0,1
2,37,14,Snacks,Increasing,23,4.0,1.2,0,0.72,77,1,1
226,106,22,Beverages,Stable,17,1.8,1.8,0,0.96,209,1,1
81,178,6,Snacks,Decreasing,7,2.5,1.4,1,0.14,47,1,1
187,140,23,Beverages,Stable,21,3.8,1.9,1,0.22,248,1,1
327,99,15,Confectionery,Increasing,8,3.3,1.0,0,0.65,216,0,1
68,145,8,Beverages,Increasing,9,1.3,1.4,0,0.48,130,1,1
335,71,1,Snacks,Increasing,1,4.2,1.1,1,0.88,277,1,0
402,150,4,Beverages,Decreasing,12,1.1,2.0,0,0.59,52,1,0
34,142,24,Beverages,Stable,19,2.9,1.5,1,0.38,103,0,1
57,180,20,Confectionery,Decreasing,16,1.4,1.7,0,0.94,166,1,1
216,64,13,Beverages,Stable,13,3.9,1.3,0,0.57,167,1,0
66,130,9,Beverages,Decreasing,27,4.3,1.8,1,0.29,106,1,1
318,139,19,Snacks,Decreasing,3,1.6,1.1,1,0.99,190,1,1
239,108,11,Confectionery,Stable,23,2.8,1.7,0,0.86,137,1,0
40,173,1,Confectionery,Increasing,18,3.7,1.6,1,0.88,213,1,1
478,109,8,Snacks,Stable,8,3.1,1.3,0,0.49,298,1,0
468,105,29,Beverages,Increasing,18,2.5,1.6,1,0.52,326,0,1
254,105,27,Beverages,Increasing,14,2.9,1.1,0,0.18,6,0,1
405,35,8,Snacks,Increasing,6,3.6,1.1,0,0.52,230,1,0
146,91,16,Confectionery,Increasing,14,3.0,1.1,1,0.1,138,1,1
234,146,11,Snacks,Decreasing,8,1.9,1.8,1,0.28,95,1,0
384,145,12,Snacks,Increasing,13,3.8,1.9,1,0.83,351,1,0
184,168,14,Beverages,Stable,23,2.8,1.9,1,0.11,159,0,0
52,166,3,Confectionery,Increasing,15,4.0,1.0,1,0.63,211,0,1
121,11,14,Snacks,Increasing,14,1.8,1.4,1,0.18,222,0,0
90,199,9,Confectionery,Stable,19,2.9,1.0,0,0.69,94,1,1
143,167,11,Beverages,Stable,23,2.7,1.9,0,0.29,291,1,1
265,10,24,Confectionery,Increasing,6,3.2,1.3,0,0.71,310,0,1
341,77,18,Confectionery,Decreasing,15,2.0,1.1,0,0.75,164,1,1
300,146,26,Snacks,Increasing,9,2.3,1.8,0,0.26,135,0,1
382,51,20,Confectionery,Decreasing,5,3.4,1.0,1,0.22,70,0,1
318,60,20,Beverages,Stable,19,2.1,1.9,0,0.4,329,1,1
93,56,23,Beverages,Increasing,1,2.4,1.8,1,0.26,363,1,1
6,116,5,Confectionery,Decreasing,21,4.9,1.1,0,0.5,115,0,1
103,60,9,Confectionery,Stable,11,3.0,1.3,1,0.85,87,1,0
306,19,24,Snacks,Stable,7,4.4,1.2,1,0.95,128,0,1
91,176,27,Beverages,Decreasing,13,1.0,1.1,0,0.28,266,1,1
38,119,22,Snacks,Increasing,4,2.1,1.3,1,0.73,157,0,1
342,154,12,Confectionery,Stable,14,3.5,1.7,0,0.33,176,1,0
80,135,8,Confectionery,Increasing,25,2.0,1.2,0,0.91,310,1,1
204,40,13,Beverages,Increasing,5,2.6,1.3,0,0.45,144,0,0
333,102,1,Beverages,Stable,7,4.8,1.1,1,0.38,169,1,0
36,141,12,Beverages,Stable,29,4.5,1.5,0,0.36,15,0,1
131,54,21,Beverages,Increasing,15,3.6,1.2,0,0.65,315,0,1
320,178,2,Snacks,Decreasing,12,3.5,1.6,0,0.13,292,1,0
36,163,1,Confectionery,Stable,22,1.3,1.3,1,0.38,291,0,1
91,48,19,Snacks,Decreasing,24,1.2,1.7,0,0.77,242,0,1
462,35,21,Beverages,Increasing,5,1.8,1.2,1,0.75,256,1,1
326,72,13,Beverages,Decreasing,11,1.6,1.0,1,0.74,310,0,0
455,127,20,Snacks,Increasing,2,4.4,1.8,0,0.25,219,0,1
138,109,10,Snacks,Stable,20,2.0,1.4,1,0.87,269,1,0
317,47,7,Snacks,Increasing,19,4.5,1.1,0,0.18,203,1,0
103,79,8,Confectionery,Stable,27,2.4,1.1,0,0.42,268,1,0
56,124,27,Beverages,Decreasing,17,3.5,1.9,0,0.83,339,1,1
414,123,5,Confectionery,Stable,10,4.2,1.8,1,0.27,169,1,0
67,122,9,Beverages,Increasing,27,1.8,1.6,1,0.95,246,1,1
269,198,3,Beverages,Increasing,5,3.1,1.7,1,0.51,12,1,0
117,166,15,Snacks,Stable,17,2.7,1.2,1,0.49,96,1,1
270,93,28,Confectionery,Increasing,23,2.0,1.3,1,0.85,6,0,1
434,143,7,Confectionery,Stable,25,1.5,1.1,0,0.17,273,0,0
209,165,5,Snacks,Increasing,2,3.1,1.9,0,0.37,100,1,0
178,28,6,Beverages,Decreasing,22,3.6,1.5,1,0.96,186,1,0
21,197,6,Snacks,Increasing,25,1.1,1.4,0,0.56,271,1,1
93,39,28,Beverages,Increasing,14,1.4,1.6,1,0.59,20,1,1
345,131,24,Beverages,Stable,28,1.3,1.9,0,0.1,272,1,1
118,59,15,Confectionery,Increasing,9,3.4,1.5,0,0.63,31,1,1
382,89,7,Confectionery,Stable,2,3.5,1.3,1,0.39,174,0,0
90,75,12,Snacks,Increasing,18,3.5,1.0,1,0.2,184,0,0
234,138,21,Snacks,Increasing,7,2.5,1.8,0,0.48,342,1,1
431,21,25,Beverages,Stable,26,2.1,1.7,0,0.38,147,0,1
434,130,15,Snacks,Stable,9,1.8,1.6,0,0.41,110,1,1
210,194,1,Snacks,Stable,11,3.8,1.1,0,0.54,118,1,0
76,126,27,Snacks,Stable,24,3.0,1.8,0,0.96,233,0,1
433,48,2,Snacks,Stable,26,1.4,1.0,1,0.6,289,1,0
443,74,7,Snacks,Increasing,25,2.1,1.2,1,0.86,149,0,0
292,63,8,Beverages,Decreasing,1,1.3,1.2,0,0.25,362,0,0
22,108,2,Confectionery,Decreasing,17,3.0,1.3,1,0.58,193,1,1
247,47,8,Confectionery,Increasing,9,2.7,1.7,0,0.3,343,0,0
51,130,1,Confectionery,Increasing,14,1.7,1.8,1,0.31,147,0,1
430,131,9,Snacks,Stable,18,2.0,1.3,1,0.42,267,1,0
232,83,24,Beverages,Increasing,4,4.4,1.5,0,0.28,23,0,1
403,193,25,Confectionery,Decreasing,4,3.0,1.2,0,0.99,32,0,1
19,27,27,Beverages,Decreasing,25,1.6,1.5,0,0.88,26,1,1
457,162,5,Snacks,Stable,11,4.2,1.2,1,0.55,355,0,0
126,63,26,Confectionery,Decreasing,7,4.4,1.7,1,0.46,80,1,1
407,168,3,Beverages,Decreasing,14,3.1,1.8,0,0.6,65,0,0
436,42,9,Snacks,Stable,27,2.4,1.6,1,0.99,132,1,0
342,160,6,Snacks,Stable,3,3.5,1.7,1,0.21,108,1,0
310,72,27,Snacks,Stable,27,5.0,1.4,1,0.78,197,1,1
412,29,6,Beverages,Stable,5,4.4,1.3,0,0.95,125,0,0
340,109,15,Confectionery,Stable,24,1.6,1.9,0,0.85,345,1,1
466,113,13,Beverages,Stable,26,3.5,1.2,1,0.99,347,0,0
251,54,25,Confectionery,Increasing,3,3.0,1.1,1,0.27,114,0,1
444,55,19,Snacks,Increasing,26,2.1,1.4,0,0.97,175,1,1
287,100,26,Confectionery,Stable,2,1.3,1.1,0,0.96,154,1,1
357,118,3,Beverages,Stable,11,2.9,1.4,0,0.77,256,0,0
44,21,7,Beverages,Stable,22,1.0,1.7,0,0.74,14,0,0
155,12,25,Snacks,Decreasing,10,2.4,1.4,1,0.53,285,0,1
134,149,22,Beverages,Decreasing,18,4.2,1.7,1,0.62,155,0,1
226,92,10,Snacks,Decreasing,9,3.9,1.1,1,0.86,230,0,0
16,40,23,Beverages,Increasing,7,2.8,1.5,0,0.41,345,0,1
232,89,15,Confectionery,Stable,26,2.4,1.7,1,0.74,267,1,1
402,158,13,Beverages,Stable,17,4.5,1.4,1,0.95,86,1,0
415,128,23,Confectionery,Stable,4,4.3,1.8,0,0.95,73,0,1
461,140,11,Confectionery,Stable,8,2.6,1.7,0,0.42,288,1,0
139,180,18,Snacks,Stable,21,4.1,1.3,0,0.96,282,1,1
477,54,23,Confectionery,Decreasing,28,3.7,1.3,1,0.59,62,0,1
379,98,17,Snacks,Decreasing,16,2.8,1.5,1,0.98,253,0,1
89,145,9,Confectionery,Stable,24,3.7,1.6,0,0.43,157,1,1
221,112,3,Confectionery,Increasing,27,1.0,1.3,1,0.54,114,1,0
30,134,28,Beverages,Stable,12,1.4,1.9,0,0.79,187,0,1
487,151,5,Snacks,Decreasing,12,3.8,1.5,0,0.36,229,1,0
93,111,2,Snacks,Stable,6,1.4,1.3,0,0.22,291,0,1
141,182,22,Confectionery,Stable,3,1.1,1.9,1,0.92,277,0,1
2,12,28,Confectionery,Stable,2,3.4,1.6,1,0.2,336,0,1
297,175,18,Snacks,Decreasing,7,4.9,1.9,1,0.84,80,0,1
338,31,12,Confectionery,Increasing,19,3.2,1.9,1,0.88,288,0,0
174,51,18,Snacks,Increasing,14,4.1,1.9,1,0.97,213,0,1
297,83,6,Snacks,Increasing,8,4.9,2.0,0,0.83,155,1,0
305,40,16,Confectionery,Stable,15,2.2,1.3,0,0.58,27,0,1
497,171,7,Snacks,Decreasing,26,2.6,1.3,0,0.99,44,0,0
458,41,13,Confectionery,Decreasing,24,4.9,1.2,1,0.18,66,0,0
137,126,28,Snacks,Stable,24,1.7,1.2,1,0.94,35,1,1
8,154,23,Confectionery,Stable,17,3.5,1.2,0,0.43,16,0,1
489,188,10,Confectionery,Increasing,17,4.7,1.6,0,0.94,80,1,0
389,90,11,Snacks,Decreasing,14,2.3,1.2,0,0.9,306,0,0
315,190,13,Snacks,Increasing,20,2.0,1.1,0,0.92,117,0,0
335,197,12,Snacks,Stable,2,1.6,1.8,1,0.21,56,0,0
498,129,7,Confectionery,Decreasing,29,3.8,1.4,1,0.6,131,1,0
92,106,16,Beverages,Decreasing,3,4.7,1.7,1,0.76,350,0,1
108,23,3,Snacks,Stable,24,1.1,1.8,0,0.78,141,1,0
153,127,29,Beverages,Decreasing,18,2.9,1.6,0,0.24,325,0,1
232,51,15,Beverages,Decreasing,13,3.9,1.1,1,0.45,161,1,1
363,27,18,Beverages,Stable,20,1.6,1.4,0,0.81,143,1,1
406,173,4,Confectionery,Decreasing,18,3.9,1.2,1,0.42,234,0,0
132,186,3,Snacks,Increasing,9,4.0,1.9,0,0.46,272,0,1
291,24,19,Beverages,Increasing,16,2.4,1.5,0,0.26,361,1,1
94,160,24,Snacks,Decreasing,9,2.1,1.4,1,0.85,261,0,1
82,106,4,Snacks,Increasing,15,4.3,1.9,1,0.69,22,1,1
485,39,23,Snacks,Increasing,20,2.8,1.4,1,0.95,20,0,1
97,187,20,Snacks,Increasing,27,1.9,1.7,0,0.51,349,0,1
435,57,19,Snacks,Stable,28,3.5,1.7,1,0.68,279,0,1
287,139,18,Beverages,Increasing,10,1.1,1.9,1,0.31,360,1,1
485,96,10,Beverages,Stable,12,1.2,1.1,0,0.28,214,1,0
55,77,11,Beverages,Stable,11,2.9,1.4,0,0.71,100,1,1
283,22,10,Confectionery,Stable,1,2.2,1.5,1,0.26,23,0,0
266,102,3,Confectionery,Decreasing,3,4.9,1.2,0,0.71,295,1,0
139,153,27,Snacks,Decreasing,8,1.7,1.7,1,0.97,96,1,1
2,47,11,Snacks,Stable,1,1.7,1.1,0,0.16,301,1,1
66,163,3,Snacks,Increasing,6,1.7,2.0,1,0.52,170,0,1
188,149,21,Confectionery,Increasing,10,3.7,1.4,0,0.37,72,0,1
162,71,1,Snacks,Increasing,24,4.1,1.8,1,0.7,45,0,0
273,19,26,Snacks,Decreasing,12,1.0,1.5,0,0.74,30,0,1
245,82,15,Snacks,Stable,24,3.5,1.7,0,0.87,160,0,1
85,109,11,Confectionery,Decreasing,22,3.5,1.6,1,0.33,364,0,1
368,162,14,Snacks,Increasing,18,2.8,1.4,0,0.85,196,0,0
145,68,8,Snacks,Decreasing,24,1.3,1.2,1,0.79,154,0,0
279,131,23,Snacks,Increasing,29,2.8,1.2,0,0.97,77,0,1
227,139,4,Snacks,Stable,20,2.0,1.9,1,0.9,40,1,0
284,125,5,Snacks,Increasing,20,3.1,1.6,0,0.64,215,0,0
49,156,29,Confectionery,Increasing,28,2.9,1.5,0,0.11,18,0,1
131,131,20,Confectionery,Decreasing,13,2.1,1.2,0,0.28,153,0,1
325,173,2,Snacks,Decreasing,5,2.2,1.7,0,0.62,245,0,0
437,48,9,Confectionery,Decreasing,3,3.9,2.0,1,0.11,355,0,0
57,139,21,Confectionery,Increasing,22,2.8,1.2,0,0.98,55,0,1
52,189,8,Snacks,Decreasing,13,1.6,1.0,1,0.69,94,0,1
358,92,2,Confectionery,Increasing,28,1.8,1.9,1,0.18,142,0,0
458,174,5,Snacks,Decreasing,28,1.2,1.9,1,0.12,49,0,0
385,75,14,Confectionery,Decreasing,14,4.0,1.5,1,0.94,162,0,0
209,123,9,Snacks,Decreasing,28,2.1,1.6,0,0.73,281,1,0
150,58,1,Confectionery,Increasing,7,3.9,1.6,0,0.49,12,0,0
283,35,11,Beverages,Increasing,27,2.1,1.4,1,0.28,38,0,0
133,27,24,Confectionery,Stable,15,1.8,1.8,0,0.81,312,1,1
125,163,10,Snacks,Stable,14,2.9,1.8,0,0.57,151,1,1
234,110,16,Confectionery,Decreasing,19,4.6,1.7,1,0.99,269,1,1
210,34,1,Beverages,Increasing,11,4.4,1.7,1,0.67,23,0,0
145,127,5,Beverages,Stable,20,3.0,1.2,1,0.67,316,1,0
460,141,25,Confectionery,Increasing,23,4.4,1.9,0,0.32,318,0,1
47,171,18,Snacks,Decreasing,15,2.9,1.6,1,0.68,68,0,1
73,138,28,Snacks,Stable,7,1.1,1.6,1,0.84,157,0,1
42,113,22,Beverages,Increasing,17,3.3,1.7,1,0.27,126,1,1
451,87,21,Confectionery,Increasing,10,3.7,1.2,0,0.28,211,1,1
89,196,10,Beverages,Stable,23,2.8,1.3,0,0.21,91,1,1
395,113,26,Beverages,Decreasing,28,3.0,1.7,1,0.74,70,0,1
383,75,7,Snacks,Decreasing,7,1.7,1.9,0,0.22,58,0,0
154,66,24,Beverages,Stable,9,2.0,1.1,0,0.43,8,1,1
392,15,11,Snacks,Increasing,2,4.3,1.3,0,0.36,61,1,0
421,10,6,Beverages,Decreasing,8,3.8,1.9,0,0.17,303,1,0
9,62,6,Beverages,Increasing,9,1.5,1.8,0,0.65,196,0,1
93,139,12,Snacks,Decreasing,13,4.5,1.0,1,0.32,34,1,1
427,47,12,Confectionery,Stable,7,2.6,1.1,1,0.12,150,0,0
356,15,4,Confectionery,Increasing,21,2.9,1.9,0,0.4,302,1,0
275,125,8,Snacks,Decreasing,26,1.9,2.0,0,0.77,193,1,0
1,70,1,Beverages,Decreasing,9,4.9,1.9,1,0.3,21,1,1
336,30,12,Snacks,Decreasing,19,2.6,1.0,1,0.41,76,0,0
418,172,9,Snacks,Stable,22,1.6,1.3,0,0.98,144,0,0
31,103,9,Beverages,Increasing,14,2.0,1.4,0,0.41,183,1,1
395,133,22,Confectionery,Increasing,19,1.1,2.0,1,0.84,29,1,1
299,150,13,Snacks,Increasing,21,2.1,1.4,1,0.69,363,1,0
43,126,6,Beverages,Decreasing,3,3.4,1.3,0,0.94,52,0,1
181,33,17,Beverages,Stable,9,1.4,1.8,1,0.22,356,1,1
232,39,28,Beverages,Increasing,21,4.0,1.2,1,0.67,234,0,1
429,30,28,Beverages,Decreasing,21,3.6,1.3,1,0.12,315,0,1
238,174,8,Beverages,Stable,3,1.2,1.0,0,0.64,31,1,0
0,167,19,Snacks,Decreasing,11,1.5,1.1,1,0.52,96,0,1
400,127,15,Beverages,Stable,17,3.2,1.5,1,0.77,281,1,1
199,45,19,Beverages,Increasing,14,3.3,1.7,0,0.78,281,1,1
274,66,7,Beverages,Decreasing,16,3.5,1.1,1,0.14,312,1,0
27,181,27,Snacks,Increasing,9,3.8,1.0,0,0.52,170,0,1
194,127,5,Snacks,Decreasing,9,1.6,1.5,0,0.87,345,1,0
127,146,13,Snacks,Decreasing,27,3.4,1.8,0,0.76,304,1,1
421,176,14,Snacks,Stable,8,4.4,1.2,0,0.87,289,1,0
231,173,7,Confectionery,Increasing,3,3.5,1.3,1,0.59,62,1,0
489,84,15,Beverages,Stable,11,1.3,1.4,0,0.25,4,0,1
310,33,29,Snacks,Stable,29,1.7,1.7,0,0.51,348,1,1
49,24,14,Confectionery,Increasing,1,4.0,1.6,1,0.81,49,0,0
184,21,20,Confectionery,Increasing,26,2.2,2.0,1,0.69,16,1,1
343,153,8,Beverages,Stable,23,3.6,1.7,0,0.27,176,0,0
286,82,15,Snacks,Decreasing,26,2.0,1.5,0,0.93,188,0,1
267,19,25,Confectionery,Stable,6,1.5,1.9,0,0.79,360,0,1
423,76,12,Confectionery,Stable,25,2.7,1.6,0,0.59,284,1,0
490,46,1,Snacks,Stable,12,1.4,1.3,1,0.94,132,0,0
43,56,9,Snacks,Decreasing,11,4.5,1.0,0,0.88,187,0,1
26,184,29,Confectionery,Decreasing,15,2.2,1.2,1,0.65,87,0,1
171,193,27,Snacks,Decreasing,24,1.1,1.0,0,0.2,236,0,1
255,179,4,Confectionery,Decreasing,24,2.4,1.1,1,0.36,60,0,0
106,143,1,Beverages,Stable,23,3.0,1.0,0,0.83,276,0,1
4,150,14,Beverages,Stable,2,2.3,1.7,1,0.12,313,1,1
309,120,18,Beverages,Stable,18,2.6,1.5,1,0.28,80,1,1
306,150,16,Snacks,Increasing,23,3.5,1.2,1,0.33,308,0,1
353,30,9,Snacks,Increasing,21,4.0,1.4,1,0.96,338,0,0
24,62,3,Snacks,Decreasing,8,1.6,1.9,1,0.15,311,0,1
234,43,15,Beverages,Decreasing,1,3.4,1.3,1,0.95,280,0,1
416,151,8,Beverages,Decreasing,9,3.9,1.5,0,0.83,287,0,0
261,40,4,Confectionery,Stable,3,4.5,1.2,1,0.75,18,0,0
443,66,1,Snacks,Increasing,11,3.7,1.3,0,0.31,169,1,0
285,90,18,Beverages,Increasing,29,3.9,1.5,0,0.32,232,1,1
2,113,10,Snacks,Increasing,7,3.7,1.8,1,0.32,16,1,1
360,11,26,Beverages,Stable,2,1.2,1.0,1,0.58,65,1,1
15,130,1,Beverages,Increasing,8,3.4,1.3,0,0.76,243,0,1
114,81,4,Beverages,Stable,2,1.0,1.8,0,0.67,134,0,0
132,32,4,Confectionery,Increasing,23,4.7,1.1,0,0.28,261,0,0
126,40,1,Beverages,Increasing,26,3.5,2.0,1,0.86,51,1,0
225,145,14,Snacks,Increasing,23,1.4,1.4,0,0.71,264,1,0
458,161,13,Beverages,Decreasing,11,2.9,1.5,0,0.27,72,1,0
309,65,22,Snacks,Stable,25,4.7,1.1,1,0.35,223,1,1
97,90,22,Snacks,Increasing,25,4.4,1.5,0,0.86,32,1,1
435,27,24,Confectionery,Decreasing,19,2.1,1.2,1,0.72,248,0,1
380,139,17,Beverages,Decreasing,19,2.0,1.4,1,0.68,249,0,1
137,70,26,Confectionery,Stable,26,1.9,1.9,0,0.34,28,0,1
175,195,10,Beverages,Increasing,16,2.3,1.8,0,0.16,321,0,1
258,29,19,Confectionery,Decreasing,10,2.0,1.1,1,0.6,162,0,1
282,145,12,Snacks,Decreasing,20,3.2,1.2,0,0.64,103,1,0
27,137,4,Snacks,Increasing,13,3.1,1.3,0,0.9,305,1,1
290,152,29,Confectionery,Stable,19,4.0,1.4,0,0.59,101,1,1
401,14,26,Confectionery,Increasing,28,2.7,1.2,0,0.44,336,1,1
452,157,14,Snacks,Stable,18,2.3,1.1,0,1.0,99,1,0
187,74,23,Confectionery,Increasing,11,3.1,1.7,1,0.77,176,1,1
219,62,18,Snacks,Decreasing,23,3.3,1.2,0,0.2,13,1,1
218,188,3,Snacks,Increasing,15,2.0,1.8,0,0.86,109,0,0
123,30,29,Snacks,Increasing,15,4.9,1.1,1,0.38,261,0,1
264,81,10,Beverages,Decreasing,10,2.0,1.7,1,0.96,347,1,0
129,128,5,Snacks,Decreasing,14,1.1,1.6,0,0.4,41,0,0
209,28,10,Beverages,Stable,4,1.3,1.0,1,0.41,241,0,0
98,26,11,Snacks,Increasing,6,2.1,2.0,1,1.0,219,1,0
81,23,2,Beverages,Decreasing,28,4.2,1.1,1,0.86,258,0,0
179,155,25,Beverages,Decreasing,21,1.3,1.3,0,0.97,260,1,1
23,165,13,Beverages,Increasing,28,4.5,1.3,1,0.61,3,0,1
276,148,27,Confectionery,Decreasing,19,4.3,1.5,1,0.46,91,1,1
110,115,17,Beverages,Decreasing,24,3.2,2.0,0,0.58,277,1,1
139,106,15,Confectionery,Stable,13,3.5,1.9,0,0.83,2,1,1
207,131,28,Confectionery,Increasing,6,3.8,1.2,0,0.5,12,0,1
346,62,7,Confectionery,Stable,3,4.5,1.9,1,0.1,26,1,0
396,146,2,Beverages,Stable,25,2.0,1.3,0,0.8,12,0,0
94,56,8,Beverages,Increasing,14,3.2,1.1,1,0.21,245,0,0
296,70,4,Confectionery,Stable,15,4.2,1.8,0,0.74,340,0,0
281,16,9,Beverages,Stable,23,2.2,1.7,1,0.58,281,0,0
242,107,26,Beverages,Stable,26,4.7,2.0,0,0.14,364,0,1
482,88,21,Confectionery,Stable,23,1.2,1.4,0,0.76,363,1,1
281,142,10,Snacks,Increasing,5,1.5,1.5,1,0.14,222,0,0
299,20,11,Confectionery,Stable,20,3.6,2.0,0,0.82,341,1,0
159,156,14,Beverages,Increasing,23,1.9,2.0,0,0.26,257,0,0
466,17,20,Beverages,Decreasing,5,4.6,1.0,1,0.89,20,1,1
423,87,1,Beverages,Increasing,23,2.3,1.9,0,0.61,138,0,0
241,121,13,Snacks,Increasing,1,1.3,2.0,0,0.2,128,1,0
363,34,22,Snacks,Increasing,26,3.0,1.2,0,0.61,114,0,1
391,173,2,Beverages,Increasing,11,3.9,1.0,1,0.77,149,0,0
326,40,14,Beverages,Decreasing,16,3.4,1.7,0,0.38,298,1,0
422,43,1,Confectionery,Decreasing,13,1.9,1.6,0,0.61,329,0,0
211,40,3,Beverages,Increasing,5,2.8,1.7,1,0.69,292,0,0
427,10,19,Confectionery,Decreasing,14,1.4,1.1,0,0.1,268,0,1
326,162,9,Confectionery,Decreasing,3,5.0,1.0,1,0.57,187,0,0
151,59,18,Beverages,Increasing,15,3.7,1.2,1,0.43,323,0,1
155,197,16,Beverages,Stable,26,1.7,1.4,0,0.95,87,1,1
353,148,12,Beverages,Decreasing,20,2.0,1.1,0,0.93,40,0,0
76,159,10,Beverages,Stable,8,3.8,1.2,1,0.35,196,1,1
26,178,4,Snacks,Increasing,14,3.6,1.5,0,0.33,157,1,1
472,71,21,Snacks,Stable,18,2.8,1.5,0,0.15,76,0,1
413,112,12,Beverages,Increasing,25,4.0,1.0,1,0.13,299,1,0
40,186,11,Snacks,Decreasing,14,3.1,1.2,1,0.64,29,0,1
73,98,15,Beverages,Stable,24,3.5,1.9,1,0.49,74,1,1
279,43,13,Confectionery,Increasing,11,4.4,1.6,1,0.73,191,0,0
390,167,13,Confectionery,Decreasing,17,1.3,1.5,0,0.68,57,0,0
274,88,8,Beverages,Decreasing,21,2.3,1.9,0,0.93,157,1,0
275,193,23,Beverages,Increasing,7,2.4,1.2,1,0.91,218,1,1
287,49,27,Confectionery,Decreasing,13,3.8,2.0,1,0.73,79,1,1
402,128,16,Snacks,Stable,16,3.8,1.8,0,0.62,196,0,1
378,29,10,Beverages,Increasing,6,3.6,1.2,1,0.31,156,0,0
139,186,9,Confectionery,Decreasing,27,1.3,1.8,0,0.38,203,1,1
94,189,1,Confectionery,Increasing,25,2.9,1.6,0,0.89,149,1,1
166,72,8,Beverages,Decreasing,20,3.0,1.6,1,0.44,350,1,0
19,192,26,Confectionery,Stable,26,2.9,1.4,0,0.13,91,0,1
127,155,14,Snacks,Decreasing,19,2.3,2.0,1,0.74,295,1,1
59,176,16,Confectionery,Stable,17,2.4,1.8,0,0.14,280,0,1
94,108,3,Beverages,Stable,7,3.1,2.0,0,0.27,105,0,1
125,123,26,Snacks,Decreasing,16,3.3,1.5,1,0.88,113,0,1
97,23,25,Confectionery,Stable,6,3.0,2.0,1,0.34,334,0,1
457,63,19,Confectionery,Increasing,13,4.7,1.6,1,0.24,141,0,1
440,133,16,Snacks,Decreasing,20,2.3,1.7,0,0.54,328,1,1
467,123,27,Beverages,Increasing,9,3.9,1.9,0,0.22,92,1,1
487,34,15,Snacks,Decreasing,1,2.7,1.9,1,0.65,248,1,1
398,47,18,Snacks,Increasing,3,2.0,2.0,1,0.95,37,0,1
229,178,6,Beverages,Decreasing,5,1.3,1.1,1,0.15,338,0,0
105,35,4,Beverages,Decreasing,20,3.5,1.2,1,0.22,253,0,0
388,76,5,Snacks,Increasing,10,2.3,1.7,1,0.75,70,0,0
135,106,13,Snacks,Decreasing,18,4.9,1.0,1,0.82,106,0,0
329,147,2,Snacks,Increasing,2,3.0,2.0,0,0.28,101,0,0
47,59,10,Beverages,Increasing,22,1.6,1.9,0,0.76,29,1,1
430,66,26,Beverages,Decreasing,12,4.1,1.5,1,1.0,138,0,1
438,104,10,Snacks,Stable,14,2.2,1.2,0,0.94,248,0,0
334,197,12,Beverages,Increasing,17,2.3,1.9,0,0.7,29,1,0
380,193,15,Confectionery,Stable,21,2.8,1.0,1,0.6,191,1,1
278,75,23,Confectionery,Decreasing,24,4.3,1.1,1,0.26,304,1,1
131,60,22,Beverages,Decreasing,4,2.1,1.6,0,0.7,321,0,1
20,16,4,Confectionery,Decreasing,13,1.5,1.3,1,0.66,62,0,0
67,150,29,Snacks,Decreasing,7,2.0,1.3,0,0.49,311,1,1
392,163,24,Snacks,Increasing,3,1.7,2.0,0,0.94,156,1,1
289,60,21,Snacks,Increasing,18,3.6,2.0,1,0.42,331,0,1
204,163,25,Beverages,Stable,4,4.6,1.6,0,0.75,69,0,1
100,19,27,Snacks,Stable,26,4.1,1.1,0,0.59,38,1,1
346,41,9,Snacks,Increasing,8,3.1,1.8,0,0.42,74,0,0
317,179,6,Confectionery,Stable,7,1.4,1.3,1,0.89,103,1,0
349,74,18,Beverages,Decreasing,22,4.2,1.6,0,0.55,25,1,1
123,76,15,Confectionery,Stable,13,2.1,1.1,1,0.8,301,1,1
450,170,5,Confectionery,Stable,12,4.1,1.1,1,0.52,209,1,0
463,49,26,Confectionery,Stable,28,3.1,1.2,1,0.9,218,1,1
495,191,5,Beverages,Stable,5,1.6,1.4,0,0.54,311,0,0
292,185,2,Confectionery,Stable,5,4.2,1.2,1,0.22,324,1,0
408,43,4,Beverages,Increasing,28,2.3,1.4,0,0.18,273,1,0
154,80,13,Confectionery,Decreasing,18,4.3,1.8,1,0.86,230,0,0
243,178,25,Confectionery,Stable,16,2.4,1.8,0,0.53,325,1,1
303,142,10,Snacks,Stable,16,4.7,1.6,1,0.18,93,1,0
445,82,8,Confectionery,Decreasing,21,4.7,1.0,1,0.29,187,1,0
379,53,13,Beverages,Stable,6,4.2,1.1,1,0.69,66,1,0
468,64,2,Beverages,Increasing,1,3.0,1.3,1,0.61,240,0,0
195,60,28,Beverages,Decreasing,27,1.3,1.4,0,0.22,109,1,1
77,164,17,Snacks,Stable,17,4.5,1.7,1,0.39,30,0,1
353,130,26,Beverages,Decreasing,11,1.6,1.1,1,0.25,198,1,1
335,26,13,Confectionery,Decreasing,14,1.9,1.9,0,0.38,151,1,0
441,179,28,Snacks,Stable,12,1.6,1.8,0,0.79,176,1,1
449,50,20,Snacks,Decreasing,25,1.9,1.2,1,0.93,87,0,1
165,171,27,Confectionery,Increasing,19,1.5,1.4,1,0.74,286,1,1
279,109,13,Beverages,Decreasing,14,3.2,1.8,0,0.98,30,0,0
271,91,12,Confectionery,Stable,3,4.3,1.9,0,0.98,111,1,0
196,36,4,Confectionery,Decreasing,24,1.4,1.1,1,0.51,181,0,0
427,94,22,Beverages,Stable,20,4.5,1.2,1,0.52,124,1,1
224,188,8,Confectionery,Stable,1,1.1,1.2,0,0.43,278,1,0
149,191,29,Beverages,Stable,23,5.0,1.6,1,0.23,243,1,1
376,44,11,Beverages,Increasing,19,3.5,1.3,1,0.55,167,1,0
52,40,5,Snacks,Stable,12,1.0,1.4,0,0.76,113,1,0
355,97,1,Beverages,Increasing,25,5.0,1.3,0,0.43,19,0,0
486,130,23,Beverages,Stable,6,2.4,1.5,0,0.79,7,0,1
111,44,4,Confectionery,Stable,6,4.6,1.4,0,0.97,363,1,0
479,177,28,Beverages,Stable,14,1.8,1.9,0,0.11,7,1,1
379,149,15,Confectionery,Stable,1,3.4,1.6,0,0.72,80,1,1
34,28,29,Confectionery,Decreasing,5,2.4,1.3,1,0.52,243,1,1
261,195,5,Beverages,Stable,7,1.4,1.1,1,0.79,155,0,0
254,74,15,Confectionery,Increasing,3,3.4,1.2,0,0.17,46,0,1
410,131,5,Beverages,Increasing,12,2.1,1.4,1,0.64,274,0,0
340,71,10,Snacks,Stable,5,4.3,1.4,1,0.98,295,0,0
228,26,11,Confectionery,Increasing,23,4.2,1.2,1,0.55,139,0,0
129,155,7,Beverages,Increasing,7,2.0,1.5,1,0.2,7,0,1
54,35,28,Beverages,Stable,7,3.4,1.4,1,0.4,60,0,1
280,51,15,Beverages,Decreasing,17,3.0,1.6,1,0.49,252,1,1
417,137,2,Snacks,Decreasing,13,4.0,1.5,0,0.3,332,1,0
80,49,28,Snacks,Decreasing,11,3.9,1.1,1,0.11,193,1,1
458,41,29,Beverages,Increasing,2,1.9,1.5,0,0.79,53,1,1
436,129,22,Snacks,Stable,28,4.5,1.3,0,0.6,347,0,1
121,25,8,Snacks,Decreasing,17,1.5,1.5,0,0.42,73,0,0
424,117,17,Snacks,Decreasing,6,1.7,1.3,0,0.46,62,1,1
69,108,28,Confectionery,Stable,10,3.8,1.9,1,0.71,271,1,1
276,12,29,Snacks,Stable,17,2.2,1.8,1,0.56,123,0,1
46,21,7,Beverages,Increasing,26,2.4,1.2,1,0.65,121,1,0
132,174,21,Confectionery,Decreasing,6,2.7,1.5,0,0.61,108,0,1
27,120,22,Confectionery,Increasing,9,2.5,1.7,0,0.98,340,0,1
11,81,18,Confectionery,Stable,2,3.7,1.3,0,0.26,194,0,1
473,35,28,Snacks,Increasing,20,2.9,1.9,1,0.22,51,1,1
279,145,21,Snacks,Decreasing,27,1.2,1.2,0,0.16,102,0,1
132,13,27,Snacks,Increasing,9,3.6,1.9,0,0.84,56,0,1
91,98,26,Confectionery,Increasing,26,4.2,1.8,1,0.87,91,1,1
339,133,21,Beverages,Decreasing,14,4.7,1.1,1,0.63,122,0,1
494,21,11,Beverages,Increasing,20,3.8,1.5,1,0.79,270,0,0
362,135,12,Snacks,Decreasing,14,4.1,1.7,1,0.9,334,0,0
358,43,20,Confectionery,Decreasing,5,3.3,1.5,0,0.55,34,1,1
277,103,8,Snacks,Decreasing,15,4.6,2.0,0,0.26,133,0,0
185,140,25,Beverages,Increasing,20,4.2,1.1,1,0.5,330,0,1
291,49,18,Snacks,Decreasing,6,2.4,1.8,0,0.76,96,1,1
49,25,9,Beverages,Decreasing,9,2.6,1.5,0,0.77,335,0,0
155,126,26,Beverages,Increasing,24,2.6,1.8,0,0.11,275,0,1
285,69,5,Beverages,Increasing,4,3.8,2.0,1,0.37,67,1,0
487,173,28,Confectionery,Increasing,5,2.7,1.4,0,0.6,13,1,1
5,133,21,Snacks,Increasing,18,3.7,1.2,0,0.85,285,1,1
325,28,19,Confectionery,Decreasing,16,4.4,1.9,1,0.66,97,1,1
27,54,2,Beverages,Stable,10,3.7,1.2,0,0.92,295,0,1
319,161,18,Confectionery,Decreasing,7,1.1,1.7,0,0.73,363,1,1
366,68,14,Beverages,Increasing,18,3.5,1.2,0,0.48,104,0,0
189,132,2,Beverages,Increasing,20,2.1,1.3,0,0.88,282,0,0
122,24,10,Beverages,Stable,1,4.4,1.6,0,0.24,59,0,0
476,104,3,Snacks,Decreasing,6,4.4,1.9,1,0.49,56,0,0
319,128,26,Confectionery,Decreasing,16,2.0,1.2,0,0.56,147,1,1
190,145,15,Confectionery,Stable,17,2.5,1.8,0,0.5,116,0,1
69,53,19,Confectionery,Decreasing,9,4.3,1.1,1,0.64,123,1,1
130,140,13,Snacks,Increasing,4,4.0,1.7,1,0.25,177,1,1
193,104,27,Confectionery,Stable,9,2.3,1.6,0,0.74,158,1,1
427,69,4,Beverages,Decreasing,21,3.6,1.7,0,0.13,121,1,0
406,96,24,Beverages,Decreasing,1,3.3,1.5,0,0.23,316,1,1
200,36,14,Confectionery,Stable,15,1.7,1.6,0,0.35,147,0,0
328,149,22,Confectionery,Stable,20,1.6,1.4,0,0.71,143,0,1
37,15,20,Beverages,Increasing,16,3.0,1.1,1,0.93,347,0,1
290,84,16,Snacks,Stable,22,1.4,1.7,0,0.24,101,0,1
385,173,16,Snacks,Increasing,25,3.7,1.8,0,0.24,60,1,1
77,114,29,Confectionery,Decreasing,27,1.8,1.6,1,0.33,249,1,1
360,109,17,Snacks,Stable,5,4.6,1.1,1,0.36,285,1,1
381,192,5,Snacks,Stable,4,4.1,2.0,0,0.4,34,1,0
287,133,8,Confectionery,Stable,17,4.7,1.6,1,0.58,341,1,0
153,182,16,Confectionery,Stable,23,3.1,1.5,1,0.44,213,1,1
20,22,26,Snacks,Decreasing,5,2.0,1.8,0,0.16,75,1,1
287,23,18,Confectionery,Stable,22,4.1,1.8,1,0.18,47,0,1
243,90,11,Beverages,Decreasing,6,1.9,1.9,0,0.27,18,1,0
335,99,20,Beverages,Decreasing,7,1.4,1.2,1,0.25,339,0,1
477,162,23,Snacks,Stable,19,2.8,1.8,0,0.85,184,1,1
77,126,21,Beverages,Increasing,21,3.4,1.5,1,0.16,40,0,1
137,73,8,Confectionery,Decreasing,26,1.9,1.5,1,0.28,93,1,0
244,52,28,Snacks,Increasing,7,4.1,1.4,0,0.15,357,0,1
417,96,5,Snacks,Decreasing,17,4.8,1.1,0,0.37,123,0,0
106,191,4,Beverages,Increasing,26,2.9,1.4,0,0.59,257,1,1
76,31,4,Snacks,Stable,1,4.0,1.2,0,0.41,196,1,0
207,20,12,Beverages,Stable,20,4.2,1.9,0,0.53,68,0,0
467,49,17,Beverages,Increasing,19,1.8,1.5,1,0.83,100,1,1
428,70,7,Confectionery,Decreasing,5,2.7,1.5,0,0.42,142,1,0
51,25,25,Snacks,Stable,26,3.8,1.3,1,0.62,213,1,1
258,136,27,Confectionery,Increasing,13,3.4,1.0,1,0.12,99,1,1
69,36,28,Confectionery,Stable,3,3.4,1.7,0,0.92,119,1,1
16,143,24,Snacks,Stable,16,1.3,1.4,0,0.6,103,0,1
92,173,7,Beverages,Increasing,3,4.5,2.0,1,0.89,140,1,1
230,199,3,Beverages,Increasing,5,1.0,1.5,1,0.68,322,0,0
244,29,20,Beverages,Increasing,12,2.8,1.9,0,0.68,125,1,1
339,49,13,Confectionery,Decreasing,14,2.2,1.8,1,0.26,354,0,0
10,21,5,Confectionery,Stable,3,4.0,1.2,1,0.79,67,0,1
384,81,11,Confectionery,Increasing,3,3.4,1.4,0,0.82,289,1,0
274,150,21,Snacks,Decreasing,1,1.7,1.8,0,0.43,274,1,1
113,156,4,Beverages,Increasing,9,3.5,1.4,1,0.45,249,1,1
407,111,26,Snacks,Increasing,6,2.6,1.2,0,0.21,8,1,1
286,109,13,Beverages,Increasing,15,4.1,1.3,1,0.56,268,0,0
244,178,12,Confectionery,Increasing,9,2.6,1.1,1,0.54,264,0,0
344,157,2,Snacks,Decreasing,21,1.8,1.1,1,0.83,302,0,0
269,92,10,Beverages,Decreasing,23,4.2,1.2,0,0.44,5,0,0
443,64,16,Snacks,Increasing,26,4.9,1.8,0,0.39,125,1,1
62,30,12,Snacks,Decreasing,13,2.8,1.2,1,0.18,52,1,0
270,49,12,Beverages,Increasing,5,2.1,1.6,1,0.31,357,0,0
423,52,19,Snacks,Increasing,10,2.6,1.6,1,0.6,44,0,1
462,135,1,Beverages,Stable,6,1.8,1.3,0,0.68,231,0,0
397,109,7,Snacks,Decreasing,1,3.1,1.1,1,0.39,40,1,0
163,124,23,Beverages,Decreasing,26,4.7,1.9,0,0.28,348,0,1
293,92,29,Beverages,Stable,24,1.4,1.8,1,0.31,267,0,1
479,146,22,Beverages,Increasing,17,2.7,1.5,0,0.44,149,0,1
394,139,26,Confectionery,Stable,15,1.1,1.3,0,0.39,203,1,1
432,48,13,Beverages,Stable,16,2.7,2.0,1,0.89,134,1,0
313,86,12,Snacks,Decreasing,15,3.2,2.0,0,0.32,34,1,0
153,59,7,Confectionery,Decreasing,27,2.3,1.9,0,0.85,236,1,0
204,133,29,Snacks,Decreasing,25,4.9,1.3,1,0.54,14,0,1
72,199,15,Beverages,Stable,29,1.1,1.2,1,0.78,173,1,1
162,25,26,Beverages,Stable,8,3.0,1.6,0,0.64,13,1,1
295,126,22,Beverages,Stable,1,1.5,1.3,0,0.13,97,0,1
377,40,25,Beverages,Increasing,10,4.0,1.2,1,0.76,340,0,1
414,193,27,Confectionery,Stable,24,3.6,1.7,1,0.56,132,1,1
116,31,28,Confectionery,Increasing,2,4.7,1.5,0,0.72,10,1,1
59,197,9,Confectionery,Stable,28,3.5,1.2,0,0.21,313,0,1
385,165,29,Confectionery,Decreasing,8,1.2,1.2,0,0.26,190,0,1
113,17,7,Beverages,Increasing,27,4.0,1.2,0,0.45,107,1,0
145,169,27,Confectionery,Decreasing,23,3.3,1.3,1,0.6,125,0,1
216,159,13,Confectionery,Increasing,20,4.4,1.3,0,0.8,47,1,0
488,84,25,Beverages,Decreasing,15,2.6,2.0,1,0.15,109,0,1
100,144,17,Snacks,Stable,27,4.4,1.8,0,0.49,77,1,1
367,23,6,Confectionery,Decreasing,5,1.7,1.8,0,0.39,13,1,0
416,184,10,Beverages,Increasing,28,2.4,1.3,0,0.79,76,1,0
343,95,6,Confectionery,Stable,12,3.8,1.9,0,0.69,272,0,0
257,131,19,Snacks,Decreasing,27,2.0,1.9,0,0.14,156,1,1
365,152,3,Snacks,Stable,23,1.4,1.5,1,0.12,78,1,0
256,145,26,Confectionery,Increasing,1,3.7,1.0,0,0.91,254,0,1
38,14,23,Beverages,Stable,23,3.1,1.9,0,0.51,5,0,1
256,46,17,Beverages,Stable,6,4.6,1.1,1,0.62,245,0,1
446,23,2,Beverages,Increasing,13,1.6,1.6,0,0.62,247,0,0
232,199,8,Snacks,Decreasing,22,2.3,1.5,0,0.59,323,0,0
197,175,20,Confectionery,Increasing,17,4.0,1.9,0,0.59,156,1,1
18,189,19,Confectionery,Stable,17,1.7,2.0,1,0.4,68,1,1
168,120,26,Snacks,Increasing,13,4.5,1.7,1,0.94,342,0,1
360,149,19,Confectionery,Increasing,4,2.8,2.0,0,0.76,126,1,1
394,130,7,Confectionery,Stable,13,3.7,1.1,0,0.31,65,0,0
155,198,4,Confectionery,Increasing,19,3.6,1.2,1,0.81,363,1,1
424,98,16,Beverages,Increasing,25,2.1,1.2,1,0.58,85,0,1
43,182,10,Snacks,Decreasing,17,3.1,2.0,0,0.19,279,1,1
332,133,11,Confectionery,Increasing,27,1.5,1.1,1,0.41,288,0,0
34,140,18,Snacks,Decreasing,17,2.9,1.6,0,0.13,333,1,1
187,145,12,Confectionery,Decreasing,3,4.4,1.2,1,0.93,57,0,0
52,100,10,Snacks,Decreasing,17,4.6,1.3,1,0.68,207,1,1
119,171,6,Confectionery,Stable,18,1.4,1.7,0,0.22,338,0,1
272,79,14,Beverages,Decreasing,27,1.8,1.8,1,0.43,360,1,0
166,77,13,Beverages,Increasing,25,2.2,2.0,1,0.69,167,0,0
340,58,10,Beverages,Stable,27,1.8,1.3,1,0.19,135,1,0
122,190,12,Beverages,Increasing,19,3.5,1.2,1,0.39,213,1,1
173,65,26,Snacks,Stable,20,1.6,1.5,0,0.69,24,0,1
62,19,10,Confectionery,Increasing,28,2.6,1.9,0,0.64,114,0,0
259,186,7,Confectionery,Increasing,3,5.0,1.7,1,0.63,156,1,0
151,111,6,Beverages,Increasing,11,1.4,1.1,1,0.31,39,0,0
473,125,19,Snacks,Decreasing,9,4.5,1.0,1,0.57,34,1,1
178,44,22,Beverages,Decreasing,11,4.4,1.7,1,0.46,263,1,1
365,130,25,Snacks,Increasing,3,3.5,1.6,0,0.65,173,1,1
223,122,11,Beverages,Stable,20,3.9,1.9,1,0.82,108,0,0
177,160,14,Beverages,Increasing,5,4.5,1.6,0,0.44,289,1,0
228,108,6,Confectionery,Stable,7,2.7,2.0,1,0.32,76,1,0
77,12,26,Confectionery,Stable,16,1.3,1.8,1,0.23,23,0,1
286,143,24,Snacks,Stable,2,3.6,1.1,1,0.26,16,0,1
56,78,10,Confectionery,Decreasing,15,4.6,1.4,1,0.39,131,0,1
206,161,27,Confectionery,Decreasing,23,2.2,1.2,1,0.39,55,1,1
484,130,4,Snacks,Decreasing,14,2.0,1.7,0,0.42,159,0,0
287,111,25,Snacks,Stable,3,4.5,1.5,0,0.16,301,0,1
128,89,28,Snacks,Stable,16,4.4,1.3,0,0.25,228,1,1
405,67,28,Snacks,Decreasing,5,4.9,1.9,0,0.33,262,1,1
477,58,19,Beverages,Stable,11,3.7,1.8,0,0.72,204,1,1
422,93,24,Confectionery,Stable,17,2.9,2.0,1,0.65,183,1,1
403,68,9,Beverages,Decreasing,20,3.4,1.7,0,0.79,344,0,0
133,98,19,Confectionery,Decreasing,23,2.1,1.5,0,0.42,360,0,1
491,107,11,Snacks,Increasing,8,2.7,1.5,1,0.78,18,0,0
489,164,24,Confectionery,Decreasing,1,2.7,1.5,1,0.46,154,0,1
364,107,12,Confectionery,Stable,11,4.5,1.8,1,0.79,306,0,0
444,71,20,Beverages,Decreasing,21,3.5,1.1,0,1.0,304,1,1
225,147,9,Snacks,Decreasing,16,1.2,1.4,0,0.36,89,0,0
225,171,16,Confectionery,Increasing,4,4.3,1.1,1,0.45,173,0,1
158,55,25,Snacks,Stable,4,2.4,1.8,1,0.74,85,0,1
181,182,26,Confectionery,Decreasing,11,2.6,1.7,0,0.7,48,1,1
393,39,6,Confectionery,Stable,8,2.9,1.5,0,0.4,306,1,0
79,135,24,Snacks,Decreasing,28,4.3,1.5,0,0.32,130,0,1
164,108,29,Confectionery,Stable,23,4.0,1.2,1,0.26,312,1,1
257,169,26,Snacks,Stable,19,2.9,1.9,0,0.43,6,0,1
104,37,1,Confectionery,Decreasing,28,4.3,1.8,0,0.17,167,0,0
277,62,1,Snacks,Decreasing,21,3.1,1.8,1,0.42,341,0,0
492,109,8,Beverages,Decreasing,27,4.2,1.1,1,0.85,120,0,0
322,105,25,Confectionery,Stable,6,3.3,1.1,1,0.28,176,1,1
493,42,2,Snacks,Stable,7,1.8,1.0,0,0.53,171,1,0
125,184,26,Beverages,Increasing,15,1.1,1.7,0,0.56,160,0,1
204,58,22,Snacks,Decreasing,6,1.6,1.4,0,0.92,188,0,1
184,123,20,Confectionery,Increasing,25,1.9,1.8,1,0.81,183,1,1
254,99,20,Confectionery,Stable,1,2.0,1.2,0,0.6,209,0,1
231,42,13,Beverages,Stable,10,4.1,1.8,1,0.28,254,1,0
240,38,3,Confectionery,Increasing,13,1.3,1.6,1,0.68,19,1,0
319,136,5,Beverages,Decreasing,28,2.3,2.0,0,0.4,334,1,0
10,117,9,Snacks,Decreasing,15,4.0,1.5,0,0.62,247,1,1
300,109,27,Snacks,Decreasing,19,2.4,1.1,0,0.88,151,0,1
379,63,10,Confectionery,Decreasing,15,4.3,1.4,0,0.1,232,0,0
477,130,8,Confectionery,Decreasing,6,2.2,1.8,1,0.88,267,0,0
316,114,15,Confectionery,Decreasing,29,4.7,1.7,1,0.16,62,1,1
380,126,9,Confectionery,Stable,18,4.8,1.2,1,0.28,87,0,0
486,90,8,Confectionery,Decreasing,8,3.5,1.4,1,0.58,156,0,0
106,12,27,Confectionery,Stable,28,4.1,1.2,0,0.25,321,1,1
190,113,3,Confectionery,Decreasing,6,2.7,1.6,0,0.22,146,0,0
316,45,17,Snacks,Stable,5,1.8,1.2,1,0.32,134,1,1
332,56,6,Beverages,Stable,1,3.7,1.2,1,0.76,302,0,0
131,59,21,Confectionery,Decreasing,20,4.0,1.3,0,0.44,53,1,1
80,78,13,Snacks,Increasing,21,1.7,1.2,0,0.5,29,0,0
149,90,19,Beverages,Increasing,17,2.7,1.0,1,0.32,70,1,1
396,193,8,Snacks,Increasing,16,3.6,1.4,0,0.92,92,1,0
206,13,11,Beverages,Decreasing,9,1.1,1.3,0,0.66,126,0,0
170,98,16,Confectionery,Stable,12,4.9,1.9,0,0.35,234,1,1
445,22,29,Beverages,Increasing,21,2.8,1.6,0,0.53,284,0,1
355,47,13,Confectionery,Increasing,14,3.6,1.6,1,0.42,216,1,0
126,184,29,Beverages,Decreasing,20,4.3,1.0,0,0.15,142,0,1
486,13,16,Beverages,Decreasing,26,4.0,1.0,1,0.52,263,0,1
145,178,19,Snacks,Increasing,19,4.4,1.7,1,0.36,138,1,1
193,35,14,Snacks,Increasing,19,2.3,1.4,0,0.29,195,0,0
282,54,3,Snacks,Decreasing,16,4.6,1.7,1,0.68,145,1,0
21,193,19,Confectionery,Increasing,25,2.0,1.6,1,0.59,315,1,1
360,72,14,Snacks,Increasing,10,3.1,1.0,1,0.6,306,1,0
353,50,9,Confectionery,Stable,11,2.1,1.2,1,0.33,236,0,0
17,90,14,Beverages,Decreasing,11,3.3,1.6,1,0.5,325,0,1
446,149,8,Confectionery,Stable,8,1.9,1.6,0,0.76,216,1,0
247,88,9,Beverages,Decreasing,27,3.2,1.8,1,0.52,179,1,0
321,28,28,Snacks,Decreasing,7,2.8,1.6,0,0.39,53,0,1
303,123,22,Confectionery,Stable,6,2.8,1.9,0,0.43,133,0,1
222,185,9,Confectionery,Decreasing,21,1.5,1.9,0,0.29,175,0,0
74,39,21,Confectionery,Stable,28,3.9,1.9,1,0.99,87,0,1
30,78,3,Confectionery,Stable,26,3.1,1.3,0,0.93,19,1,1
214,55,23,Snacks,Decreasing,19,2.9,1.5,1,0.68,49,0,1
64,34,28,Beverages,Decreasing,5,1.1,1.9,1,0.1,315,1,1
381,28,6,Beverages,Increasing,12,2.9,1.8,1,0.77,97,1,0
121,133,24,Snacks,Stable,4,3.4,1.3,0,0.74,125,1,1
428,151,21,Snacks,Decreasing,26,4.3,1.8,1,0.76,190,0,1
51,118,28,Beverages,Stable,12,4.6,1.6,1,0.79,125,0,1
116,116,6,Confectionery,Decreasing,13,3.1,1.5,1,0.34,243,0,0
430,88,13,Snacks,Decreasing,3,2.0,1.9,0,0.69,234,0,0
479,100,12,Snacks,Stable,12,4.9,1.6,1,0.14,124,0,0
385,180,19,Snacks,Decreasing,18,1.2,1.9,1,0.7,308,1,1
301,20,23,Beverages,Increasing,21,1.0,1.3,1,0.2,325,1,1
8,73,6,Snacks,Increasing,8,3.2,1.8,1,0.98,344,0,1
246,116,6,Beverages,Stable,25,2.1,1.4,0,0.82,245,1,0
396,57,21,Snacks,Stable,15,4.8,1.9,1,0.58,213,0,1
